"id","nome","cr","tamanho","subtipo","origem","andar","hp","ca","forca","destreza","constituicao","inteligencia","sabedoria","carisma","idiomas","sentidos","resistencias","imunidades","vulnerabilidades","velocidades","acoes","tracos"
2047,"Icewind Kobold Zombie","0.125","Pequeno",NULL,"Cicatricial","Eco",19,9,8,6,16,3,6,3,"understands Common and Draconic but can't speak","darkvision 60 ft.",NULL,"{poison}",NULL,"{""terrestre"": 6}","Dardo","Resistência Morto-Vivo | Unusual Nature"
517,"Gnoll Witherling","0.25","Médio",NULL,"Cicatricial","Eco",11,12,14,8,12,5,5,5,"understands Gnoll but can't speak","visão no escuro 60 pés",NULL,"{veneno}",NULL,"{""terrestre"": 9}","Multiattack | Bite | Club","Rampage"
924,"Giant Owl","0.25","Grande",NULL,"Cicatricial","Clarão",19,12,13,15,12,10,14,10,"Celestial; understands Common, Elvish, and Sylvan but can't speak them","Darkvision 120 ft.","{necrotic,radiant}",NULL,NULL,"{""voo"": 18, ""terrestre"": 2}","Talons","Flyby"
2452,"Yellow Musk Zombie","0.25","Médio",NULL,"Cicatricial","Eco",33,9,13,9,12,1,6,3,NULL,"blindsight 30 ft.",NULL,NULL,NULL,"{""terrestre"": 6}","Golpe","Resistência Morto-Vivo"
1130,"Shadow","0.5","Médio",NULL,"Cicatricial","Eco",27,12,6,14,13,6,10,8,NULL,"Darkvision 60 ft.","{acid,cold,fire,lightning,thunder}","{necrotic,poison}","{radiant}","{""terrestre"": 12}","Draining Swipe","Amorphous | Sunlight Weakness"
1199,"Warhorse Skeleton","0.5","Grande",NULL,"Cicatricial","Eco",22,13,18,12,15,2,8,5,NULL,"Darkvision 60 ft.",NULL,"{poison}","{bludgeoning}","{""terrestre"": 18}","Hooves",NULL
1976,"Skeletal Alchemist","0.5","Médio",NULL,"Cicatricial","Eco",32,11,9,13,15,14,10,9,"understands all languages it knew in life but can't speak","darkvision 60 ft.",NULL,"{poison}","{bludgeoning}","{""terrestre"": 9}","Ataque Múltiplo | Garras | Lob Acid","Resistência Mágica"
2093,"Dwarf Skeleton","0.5","Médio",NULL,"Cicatricial","Eco",26,13,16,10,15,6,8,5,"understands Dwarvish but can't speak","darkvision 60 ft.",NULL,"{poison}","{bludgeoning}","{""terrestre"": 8}","Battleaxe","Pés Firmes"
903,"Ghast","2.0","Médio",NULL,"Cicatricial","Eco",36,13,16,17,10,11,10,8,"Common","Darkvision 60 ft.","{necrotic}","{poison}",NULL,"{""terrestre"": 9}","Mordida | Garra","Stench"
917,"Giant Elk","2.0","Enorme",NULL,"Cicatricial","Clarão",42,14,19,18,14,7,14,10,"Celestial; understands Common, Elvish, and Sylvan but can't speak them","Darkvision 90 ft.","{necrotic,radiant}",NULL,NULL,"{""terrestre"": 18}","Ram",NULL
1065,"Ogre Zombie","2.0","Grande",NULL,"Cicatricial","Eco",85,8,19,6,18,3,6,5,"understands Common and Giant but can't speak","Darkvision 60 ft.",NULL,"{poison}",NULL,"{""terrestre"": 9}","Golpe","Resistência Morto-Vivo"
1213,"Will-o'-Wisp","2.0","Minúsculo",NULL,"Cicatricial","Eco",27,19,1,28,10,13,14,11,"Common plus one other language","Darkvision 120 ft.","{acid,bludgeoning,cold,fire,necrotic,piercing,slashing}","{lightning,poison}",NULL,"{""voo"": 15, ""terrestre"": 2}","Shock","Ephemeral | Illumination | Movimento Incorpóreo"
1934,"Drowned Blade","2.0","Médio",NULL,"Cicatricial","Eco",45,10,16,8,16,3,9,5,"understands the languages it knew in life but can't speak","darkvision 60 ft.",NULL,"{poison}",NULL,"{""terrestre"": 9}","Ataque Múltiplo | Rusted Longsword","Bottom Treader | Bound Together | Resistência Morto-Vivo"
624,"Deathlock Wight","3.0","Médio",NULL,"Cicatricial","Eco",37,12,11,14,16,12,14,16,"the languages it knew in life","visão no escuro 60 pés","{necrótico,""contusão (não-mágico)"",""perfuração (não-mágico)"",""cortante (não-mágico)""}","{veneno}",NULL,"{""terrestre"": 9}","Multiattack | Grave Bolt | Life Drain","Sunlight Sensitivity"
727,"Vampiric Mist","3.0","Médio",NULL,"Cicatricial","Eco",30,13,6,16,16,6,12,7,"Nenhum","visão no escuro 60 pés","{ácido,frio,raio,necrótico,trovão,""contusão (não-mágico)"",""perfuração (não-mágico)"",""cortante (não-mágico)""}","{veneno}",NULL,"{""voo"": 9, ""canHover"": true, ""terrestre"": 0}","Life Drain","Life Sense | Forbiddance | Misty Form | Sunlight Hypersensitivity"
1048,"Mummy","3.0","Pequeno",NULL,"Cicatricial","Eco",58,11,16,8,15,6,12,12,"Common plus two other languages","Darkvision 60 ft.",NULL,"{necrotic,poison}","{fire}","{""terrestre"": 6}","Ataque Múltiplo | Rotting Fist | Dreadful Glare",NULL
1160,"Swarm of Crawling Claws","3.0","Médio",NULL,"Cicatricial","Eco",49,12,14,14,11,5,10,4,"understands Common but can't speak","Blindsight 30 ft.","{bludgeoning,piercing,slashing}","{necrotic,poison}",NULL,"{""escalada"": 9, ""terrestre"": 9}","Swarm of Grasping Hands","Swarm"
1932,"Drowned Ascetic","3.0","Médio",NULL,"Cicatricial","Eco",75,13,12,16,16,3,9,5,"understands the languages it knew in life but can't speak","darkvision 60 ft.",NULL,"{poison}",NULL,"{""terrestre"": 9}","Ataque Múltiplo | Unarmed Strike","Bottom Treader | Bound Together | Resistência Morto-Vivo"
2054,"Kobold Vampire Spawn","3.0","Pequeno",NULL,"Cicatricial","Eco",39,14,10,18,16,8,8,8,"Common, Draconic","darkvision 60 ft.","{necrotic}",NULL,NULL,"{""escalada"": 6, ""terrestre"": 9}","Mordida","Táticas de Matilha | Regeneração | Unusual Nature | Vampire Weaknesses"
2069,"Sephek Kaltro","3.0","Médio",NULL,"Cicatricial","Eco",75,12,16,14,16,11,16,18,"Common",NULL,NULL,"{cold}",NULL,"{""terrestre"": 9}","Ataque Múltiplo | Ice Longsword | Ice Dagger","Cold Regeneration"
2354,"Thunderbeast Skeleton","3.0","Enorme",NULL,"Cicatricial","Eco",68,15,19,11,15,2,12,5,NULL,"darkvision 60 ft.",NULL,"{poison}","{bludgeoning}","{""terrestre"": 9}","Mordida | Cauda",NULL
2400,"Girallon Zombie","3.0","Grande",NULL,"Cicatricial","Eco",59,11,18,12,16,3,7,5,NULL,"darkvision 60 ft.",NULL,"{poison}",NULL,"{""escalada"": 9, ""terrestre"": 9}","Ataque Múltiplo | Mordida | Garra","Agressivo | Resistência Morto-Vivo"
622,"Deathlock","4.0","Médio",NULL,"Cicatricial","Eco",36,12,11,15,10,14,12,16,"the languages it knew in life","visão no escuro 60 pés","{necrótico,""contusão (não-mágico)"",""perfuração (não-mágico)"",""cortante (não-mágico)""}","{veneno}",NULL,"{""terrestre"": 9}","Deathly Claw","Turn Resistance"
792,"Banshee","4.0","Médio",NULL,"Cicatricial","Eco",54,12,1,14,10,12,11,17,"Common, Elvish","Darkvision 60 ft.","{acid,bludgeoning,fire,lightning,piercing,slashing,thunder}","{cold,necrotic,poison}",NULL,"{""voo"": 12, ""terrestre"": 2}","Ataque Múltiplo | Toque Corruptor | Horrify | Deathly Wail (1/Day)","Detect Life | Movimento Incorpóreo"
891,"Flameskull","4.0","Minúsculo",NULL,"Cicatricial","Eco",40,13,1,17,14,16,10,11,"Common plus two other languages","Darkvision 60 ft.",NULL,"{fire,necrotic,poison}",NULL,"{""voo"": 12, ""terrestre"": 2}","Ataque Múltiplo | Fire Ray","Illumination | Resistência Mágica | Undead Restoration"
1933,"Drowned Assassin","4.0","Médio",NULL,"Cicatricial","Eco",67,14,15,16,16,9,9,16,"understands the languages it knew in life but can't speak","darkvision 60 ft.",NULL,"{poison}",NULL,"{""terrestre"": 9}","Ataque Múltiplo | Hand Crossbow | Adaga | Reveal (1/Day)","Bottom Treader | Bound Together | Resistência Morto-Vivo"
2449,"Withers","4.0","Médio",NULL,"Cicatricial","Eco",45,14,15,14,16,16,13,15,"the languages he knew in life","darkvision 60 ft.","{necrotic}","{poison}",NULL,"{""terrestre"": 9}","Ataque Múltiplo | Drenar Vida | Espada Longa","Special Equipment | Sensibilidade à Luz Solar"
563,"Spawn of Kyuss","5.0","Médio",NULL,"Cicatricial","Eco",76,10,16,11,18,5,7,3,"understands the languages it knew in life but can't speak","visão no escuro 60 pés",NULL,"{veneno}",NULL,"{""terrestre"": 9}","Multiattack | Burrowing Worm | Claw","Regeneration | Worms"
800,"Beholder Zombie","5.0","Grande",NULL,"Cicatricial","Eco",93,15,14,8,16,3,8,5,"understands Deep Speech and Undercommon but can't speak","Darkvision 60 ft.",NULL,"{poison}",NULL,"{""voo"": 6, ""terrestre"": 2}","Ataque Múltiplo | Mordida | Eye Rays","Resistência Morto-Vivo"
1109,"Revenant","5.0","Médio",NULL,"Cicatricial","Eco",127,13,18,14,18,13,16,18,"Common plus one other language","Darkvision 60 ft.","{necrotic,psychic}","{poison}",NULL,"{""terrestre"": 9}","Ataque Múltiplo | Golpe | Vengeful Glare","Regeneração | Undead Restoration"
1190,"Vampire Spawn","5.0","Pequeno",NULL,"Cicatricial","Eco",90,16,16,16,16,11,10,12,"Common plus one other language","Darkvision 60 ft.","{necrotic}",NULL,NULL,"{""terrestre"": 9}","Ataque Múltiplo | Garra | Mordida","Escalar em Paredes | Vampire Weakness"
1218,"Wraith","5.0","Pequeno",NULL,"Cicatricial","Eco",67,13,6,16,16,12,14,15,"Common plus two other languages","Darkvision 60 ft.","{acid,bludgeoning,cold,fire,piercing,slashing}","{necrotic,poison}",NULL,"{""voo"": 18, ""terrestre"": 2}","Drenar Vida | Create Specter","Movimento Incorpóreo | Sensibilidade à Luz Solar"
1977,"Skeletal Juggernaut","5.0","Grande",NULL,"Cicatricial","Eco",142,13,16,14,15,6,8,5,NULL,"darkvision 60 ft.",NULL,"{poison}","{bludgeoning}","{""terrestre"": 9}","Ataque Múltiplo | Garras | Avalanche of Bones (Recarrega em 5+)","Disassemble | Falling Apart"
2024,"Coldlight Walker","5.0","Médio",NULL,"Cicatricial","Eco",82,13,15,10,17,8,10,8,NULL,"darkvision 60 ft.",NULL,"{cold}",NULL,"{""terrestre"": 9}","Ataque Múltiplo | Golpe | Cold Ray","Blinding Light | Icy Doom | Unusual Nature"
471,"Bodak","6.0","Médio",NULL,"Cicatricial","Eco",58,15,15,16,15,7,12,12,"Abissal, the languages it knew in life","visão no escuro 120 pés","{frio,fogo,necrótico,""contusão (não-mágico)"",""perfuração (não-mágico)"",""cortante (não-mágico)""}","{raio,veneno}",NULL,"{""terrestre"": 9}","Fist | Withering Gaze","Aura of Annihilation | Death Gaze | Sunlight Hypersensitivity"
1792,"Gideon Lightward","6.0","Médio",NULL,"Cicatricial","Eco",136,11,18,13,18,10,18,13,"Common","darkvision 60 ft.",NULL,"{necrotic,poison}","{radiant}","{""terrestre"": 9}","Ataque Múltiplo | Fist | Withering Gaze","Regeneração"
2030,"Frost Giant Skeleton","6.0","Enorme",NULL,"Cicatricial","Eco",102,14,23,9,15,6,8,5,"understands Giant but can't speak","darkvision 60 ft.",NULL,"{cold,poison}","{bludgeoning}","{""terrestre"": 12}","Ataque Múltiplo | Machadão | Freezing Stare","Unusual Nature"
2223,"Nafik","6.0","Médio",NULL,"Cicatricial","Eco",82,13,18,10,16,10,16,14,"Common","darkvision 60 ft.",NULL,"{necrotic,poison}","{fire}","{""terrestre"": 6}","Ataque Múltiplo | Rotting Fist | Unholy Beam | Dreadful Glare","Legendary Resistance (2/Day) | Resistência Mágica | Rejuvenation"
958,"Graveyard Revenant","7.0","Enorme",NULL,"Cicatricial","Eco",161,14,20,14,20,13,16,18,"Common plus two other languages","Darkvision 120 ft.","{necrotic,psychic}","{poison}",NULL,"{""terrestre"": 12}","Ataque Múltiplo | Suffocate | Haunting Glare (Recarrega em 5+)","Undead Restoration"
623,"Deathlock Mastermind","8.0","Médio",NULL,"Cicatricial","Eco",110,13,11,16,12,15,12,17,"the languages it knew in life","visão no escuro 120 pés (including magical darkness)","{necrótico,""contusão (não-mágico)"",""perfuração (não-mágico)"",""cortante (não-mágico)""}","{veneno}",NULL,"{""terrestre"": 9}","Deathly Claw | Grave Bolts","Turn Resistance"
717,"Sword Wraith Commander","8.0","Médio",NULL,"Cicatricial","Eco",127,18,18,14,18,11,12,14,"the languages it knew in life","visão no escuro 60 pés","{necrótico,""contusão (não-mágico)"",""perfuração (não-mágico)"",""cortante (não-mágico)""}","{veneno}",NULL,"{""terrestre"": 9}","Multiattack | Longsword | Longbow | Call to Honor (1/Day)","Martial Fury | Turning Defiance"
1189,"Vampire Nightbringer","8.0","Pequeno",NULL,"Cicatricial","Eco",142,16,16,18,16,13,14,15,"Common plus one other language","Darkvision 120 ft.",NULL,"{cold,necrotic}",NULL,"{""voo"": 9, ""terrestre"": 9}","Ataque Múltiplo | Mordida | Shadow Strike","Hipersensibilidade à Luz Solar"
2033,"Gnoll Vampire","8.0","Médio","shapechanger","Cicatricial","Eco",93,17,20,18,18,6,12,9,"Abyssal, Gnoll","darkvision 120 ft.","{necrotic}",NULL,NULL,"{""terrestre"": 9}","Multiattack (Vampire Form Only) | Bite (Hyena or Vampire Form Only) | Claws (Vampire Form Only) | Frightful Cackle (Hyena or Vampire Form Only) | Sickening Gaze (Hyena or Vampire Form Only)","Olfato Aguçado | Devastação | Regeneração | Metamorfo | Unusual Nature | Vampire Weaknesses"
2443,"Tyrannosaurus Zombie","8.0","Enorme",NULL,"Cicatricial","Eco",136,11,25,6,19,1,3,5,NULL,"darkvision 60 ft.",NULL,"{poison}",NULL,"{""terrestre"": 12}","Ataque Múltiplo | Mordida | Cauda","Disgorge Zombie | Resistência Morto-Vivo"
1839,"Gremorly's Ghost","9.0","Médio",NULL,"Cicatricial","Eco",82,12,7,14,12,18,12,17,"Common, Draconic, Dwarvish, Giant","darkvision 60 ft.","{acid,fire,lightning,thunder}","{cold,necrotic,poison}",NULL,"{""voo"": 12}","Ataque Múltiplo | Withering Strike | Fell Necromancy | Possession (Recarrega)","Ethereal Sight | Movimento Incorpóreo | Legendary Resistance (3/Day)"
1935,"Drowned Master","9.0","Médio",NULL,"Cicatricial","Eco",157,14,17,12,16,9,14,12,"understands the languages it knew in life but can't speak","darkvision 60 ft.",NULL,"{poison}",NULL,"{""terrestre"": 9}","Ataque Múltiplo | Espadão | Life-Draining Tentacle | Necrotic Ink (Recarrega em 5+)","Bound Together | Cold Aura | Resistência Morto-Vivo"
457,"Alhoon","10.0","Médio",NULL,"Cicatricial","Eco",120,15,11,12,16,19,17,17,"Fala Profunda, Língua Inferior, telepatia 120 ft.","visão verdadeira 120 pés","{frio,raio,necrótico}","{veneno,""contusão (não-mágico)"",""perfuração (não-mágico)"",""cortante (não-mágico)""}",NULL,"{""terrestre"": 9}","Chilling Grasp | Mind Blast {@recharge 5}","Magic Resistance | Turn Resistance"
862,"Deva","10.0","Médio","angel","Cicatricial","Clarão",229,17,18,18,18,17,20,20,"all; telepathy 120 ft.","Darkvision 120 ft.","{radiant}",NULL,NULL,"{""voo"": 27, ""terrestre"": 9}","Ataque Múltiplo | Holy Mace","Exalted Restoration | Resistência Mágica"
1143,"Sphinx of Lore","11.0","Grande",NULL,"Cicatricial","Clarão",170,17,18,15,16,18,18,18,"Celestial, Common","Truesight 120 ft.","{necrotic,radiant}","{psychic}",NULL,"{""voo"": 18, ""terrestre"": 12}","Ataque Múltiplo | Garra | Mind-Rending Roar (Recarrega em 5+)","Inscrutable | Legendary Resistance (3/Day, or 4/Day in Lair)"
647,"Eidolon","12.0","Médio",NULL,"Cicatricial","Eco",63,9,7,8,9,14,19,16,"the languages it knew in life","visão no escuro 60 pés","{ácido,fogo,raio,trovão,""contusão (não-mágico)"",""perfuração (não-mágico)"",""cortante (não-mágico)""}","{frio,necrótico,veneno}",NULL,"{""voo"": 12, ""canHover"": true, ""terrestre"": 0}","Divine Dread","Incorporeal Movement | Sacred Animation {@recharge 5} | Turn Resistance"
1877,"Barachiel","13.0","Médio",NULL,"Cicatricial","Clarão",136,18,18,12,18,11,14,20,"Celestial, Common, Infernal",NULL,"{necrotic,poison}",NULL,NULL,"{""voo"": 15, ""terrestre"": 9}","Ataque Múltiplo | Espadão | Purifying Flames (Recarrega em 4+)",NULL
2382,"Atropal","13.0","Enorme","titan","Cicatricial","Eco",225,7,19,5,22,25,19,24,"understands Celestial but utters only obscene nonsense","darkvision 120 ft., truesight 120 ft.",NULL,"{cold,necrotic}","{radiant}","{""voo"": 15}","Touch | Ray of Cold | Drenar Vida | Summon Wraith (Recarrega)","Resistência Mágica | Negative Energy Aura | Turn Resistance Aura"
859,"Death Tyrant","14.0","Grande","beholder","Cicatricial","Eco",195,19,18,14,14,19,15,19,"Deep Speech, Undercommon","Darkvision 120 ft.",NULL,"{poison}",NULL,"{""voo"": 12, ""terrestre"": 2}","Ataque Múltiplo | Mordida | Eye Rays","Legendary Resistance (3/Day, or 4/Day in Lair)"
1921,"Vorvolaka","14.0","Médio",NULL,"Cicatricial","Eco",190,18,15,19,21,8,13,16,"the languages it knew in life","darkvision 120 ft.",NULL,"{necrotic}",NULL,"{""voo"": 15, ""terrestre"": 6}","Ataque Múltiplo | Talon | Rend Armor (Recarrega em 4+)","Fear Aura | Resistência Mágica | Regeneração"
2658,"Zorak Lightdrinker","14.0","Médio","shapechanger","Cicatricial","Eco",144,18,18,18,18,17,15,18,"Common, Dwarvish","darkvision 120 ft.","{necrotic,poison}",NULL,NULL,"{""terrestre"": 9}","Ataque Múltiplo | Dwarven Thrower | Multiattack (Vampire Form Only) | Unarmed Strike (Vampire Form Only) | Bite (Bat or Vampire Form Only) | Charm | Children of the Night (1/Day)","Dwarven Resilience | Metamorfo | Legendary Resistance (3/Day) | Misty Escape | Regeneração | Escalar em Paredes | Vampire Weaknesses"
410,"Vampire Warrior","15.0","Médio","shapechanger","Cicatricial","Eco",144,18,18,18,18,17,15,18,"the languages it knew in life","visão no escuro 120 pés","{necrótico,""contusão (não-mágico)"",""perfuração (não-mágico)"",""cortante (não-mágico)""}",NULL,NULL,"{""terrestre"": 9}","Multiattack | Multiattack (Vampire Form Only) | Unarmed Strike (Vampire Form Only) | Greatsword | Bite (Bat or Vampire Form Only) | Charm | Children of the Night (1/Day)","Shapechanger | Legendary Resistance (3/Day) | Misty Escape | Regeneration | Spider Climb | Vampire Weaknesses"
704,"Skull Lord","15.0","Médio",NULL,"Cicatricial","Eco",105,18,14,16,17,16,15,21,"all the languages it knew in life","visão no escuro 60 pés","{frio,necrótico,""contusão (não-mágico)"",""perfuração (não-mágico)"",""cortante (não-mágico)""}","{veneno}",NULL,"{""terrestre"": 9}","Multiattack | Bone Staff","Legendary Resistance (3/Day) | Master of the Grave | Evasion"
1049,"Mummy Lord","15.0","Pequeno","cleric","Cicatricial","Eco",187,17,18,10,17,11,19,16,"Common plus three other languages","Truesight 60 ft.",NULL,"{necrotic,poison}","{fire}","{""terrestre"": 9}","Ataque Múltiplo | Rotting Fist | Channel Negative Energy | Dreadful Glare","Legendary Resistance (3/Day, or 4/Day in Lair) | Resistência Mágica | Undead Restoration"
1842,"Grim Champion of Pestilence","15.0","Médio",NULL,"Cicatricial","Eco",120,14,10,18,16,17,15,21,"Common, Infernal","darkvision 60 ft.","{cold,necrotic}","{poison}",NULL,"{""terrestre"": 12}","Ataque Múltiplo | Blight Staff | Plague Bolt","Halo of Pestilence | Legendary Resistance (3/Day)"
1870,"Anagwendol","16.0","Médio",NULL,"Cicatricial","Clarão",190,17,20,18,20,18,20,22,"all, telepathy 120 ft.","truesight 120 ft.","{radiant}",NULL,NULL,"{""voo"": 27, ""terrestre"": 9}","Ataque Múltiplo | Defending Greatsword | Arco Longo | Healing Touch (2/Day)","Resistência Mágica"
856,"Death Knight","17.0","Pequeno",NULL,"Cicatricial","Eco",199,20,20,11,20,12,16,18,"Abyssal, Common","Darkvision 120 ft.",NULL,"{necrotic,poison}",NULL,"{""terrestre"": 9}","Ataque Múltiplo | Dread Blade | Hellfire Orb (Recarrega em 5+)","Legendary Resistance (3/Day) | Resistência Mágica | Marshal Undead | Undead Restoration"
868,"Dracolich","17.0","Enorme",NULL,"Cicatricial","Eco",225,20,25,10,23,19,15,21,"Common, Draconic","Blindsight 60 ft., Darkvision 120 ft.",NULL,"{necrotic,poison}",NULL,"{""voo"": 24, ""escavacao"": 9, ""terrestre"": 12}","Ataque Múltiplo | Rend | Sopro Necrótico (Recarrega em 5+)","Legendary Resistance (3/Day, or 4/Day in Lair) | Life Suppression | Resistência Mágica | Soul Gem"
1145,"Sphinx of Valor","17.0","Grande",NULL,"Cicatricial","Clarão",199,17,22,10,20,16,23,18,"Celestial, Common","Truesight 120 ft.","{necrotic,radiant}","{psychic}",NULL,"{""voo"": 18, ""terrestre"": 12}","Ataque Múltiplo | Garra | Roar (3/Day)","Inscrutable | Legendary Resistance (3/Day, or 4/Day in Lair)"
1900,"Jenevere","17.0","Grande",NULL,"Cicatricial","Clarão",216,20,18,22,26,18,20,24,"all, telepathy 120 ft.","truesight 120 ft.","{radiant}",NULL,NULL,"{""voo"": 36, ""terrestre"": 12}","Ataque Múltiplo | Radiant Touch | Forgiveness (2/Day)","Resistência Mágica"
766,"Animal Lord","20.0","Médio",NULL,"Cicatricial","Clarão",323,19,24,25,20,19,23,22,"all","Truesight 120 ft.","{cold,fire,necrotic,psychic,radiant}",NULL,NULL,"{""voo"": 18, ""natacao"": 18, ""terrestre"": 18}","Ataque Múltiplo | Rend | Radiant Ray | Animal Spirit","Animal Lordship | Legendary Resistance (4/Day) | Lordly Presence | Resistência Mágica"
1840,"Grim Champion of Bloodshed","20.0","Médio",NULL,"Cicatricial","Eco",280,18,23,12,18,10,17,21,"Common","darkvision 60 ft.","{cold,necrotic}","{poison}",NULL,"{""terrestre"": 12}","Ataque Múltiplo | Blazing Morningstar | Blade Storm (Recarrega em 5+)","Legendary Resistance (3/Day)"
1015,"Lich","21.0","Médio","wizard","Cicatricial","Eco",315,20,11,16,16,21,14,16,"all","Truesight 120 ft.","{cold,lightning}","{necrotic,poison}",NULL,"{""terrestre"": 9}","Ataque Múltiplo | Eldritch Burst | Toque Paralisante","Legendary Resistance (4/Day, or 5/Day in Lair) | Spirit Jar"
1140,"Solar","21.0","Grande","angel","Cicatricial","Clarão",297,21,26,22,26,25,25,30,"all; telepathy 120 ft.","Truesight 120 ft.",NULL,"{poison,radiant}",NULL,"{""voo"": 45, ""terrestre"": 15}","Ataque Múltiplo | Flying Sword | Slaying Bow","Divine Awareness | Exalted Restoration | Legendary Resistance (4/Day) | Resistência Mágica"
2444,"Valindra Shadowmantle","21.0","Médio",NULL,"Cicatricial","Eco",135,17,11,16,16,20,14,16,"Common, Abyssal, Draconic, Dwarvish, Elvish, Infernal","truesight 120 ft.","{cold,lightning,necrotic}","{poison}",NULL,"{""terrestre"": 9}","Toque Paralisante","Mask | Preparation | Legendary Resistance (3/Day) | Rejuvenation | Resistência ao Afastamento"
525,"Illithilich","22.0","Médio",NULL,"Cicatricial","Eco",135,17,11,16,16,20,14,16,"Fala Profunda, Língua Inferior, telepatia 120 ft.","visão verdadeira 120 pés","{frio,raio,necrótico}","{veneno,""contusão (não-mágico)"",""perfuração (não-mágico)"",""cortante (não-mágico)""}",NULL,"{""terrestre"": 9}","Paralyzing Touch | Tentacles | Extract Brain | Mind Blast {@recharge 5}","Legendary Resistance (3/Day) | Rejuvenation | Turn Resistance | Magic Resistance"
1240,"Empyrean","23.0","Enorme","titan","Cicatricial","Clarão",346,22,30,21,30,21,22,27,NULL,NULL,NULL,NULL,NULL,"{""voo"": 15, ""natacao"": 15, ""terrestre"": 15}","Multiattack | Sacred Weapon | Divine Ray","Legendary Resistance (4/Day) | Magic Resistance"
2373,"Acererak","23.0","Médio",NULL,"Cicatricial","Eco",285,21,13,16,20,27,21,20,"Abyssal, Common, Draconic, Dwarvish, Elvish, Giant, Infernal, Primordial, Undercommon","truesight 120 ft.","{cold,lightning}","{necrotic,poison}",NULL,"{""terrestre"": 9}","Toque Paralisante | Staff (+3 Quarterstaff) | Invoke Curse","Special Equipment | Legendary Resistance (3/Day) | Rejuvenation | Resistência ao Afastamento"
1841,"Grim Champion of Desolation","25.0","Médio",NULL,"Cicatricial","Eco",416,18,22,23,18,12,20,19,"Common, Elvish","darkvision 60 ft.","{cold,necrotic}","{poison}",NULL,"{""terrestre"": 9}","Ataque Múltiplo | Leeching Blade | Hollow Void","Legendary Resistance (3/Day)"
544,"Neogi Hatchling","0.125","Minúsculo",NULL,"Marginal","Margem",7,11,3,13,10,6,10,9,"Nenhum","visão no escuro 60 pés",NULL,NULL,NULL,"{""escalada"": 6, ""terrestre"": 6}","Bite","Mental Fortitude | Spider Climb"
894,"Flumph","0.125","Pequeno",NULL,"Marginal","Margem",7,12,6,15,10,14,14,11,"understands Undercommon but can't speak; telepathy 60 ft.","Darkvision 60 ft.",NULL,NULL,"{psychic}","{""voo"": 9, ""terrestre"": 2}","Tentáculo | Stench Spray (1/Day)","Advanced Telepathy | Prone Deficiency | Telepathic Shroud"
512,"Gazer","0.5","Minúsculo",NULL,"Marginal","Margem",13,13,3,17,14,3,10,7,"Nenhum","visão no escuro 60 pés",NULL,NULL,NULL,"{""voo"": 9, ""canHover"": true, ""terrestre"": 0}","Bite | Eye Rays","Aggressive | Mimicry"
2103,"Grell Psychic","4.0","Médio",NULL,"Marginal","Margem",66,12,17,14,13,12,11,14,"Deep Speech, Grell","blindsight 60 ft. (blind beyond this radius)",NULL,"{lightning}",NULL,"{""voo"": 9, ""terrestre"": 3}","Ataque Múltiplo | Beak | Tentáculo",NULL
2109,"Humanoid Mutate","4.0","Médio",NULL,"Marginal","Margem",65,14,12,18,14,11,13,15,"Common, telepathy 60 ft.","darkvision 120 ft.","{psychic}",NULL,NULL,"{""voo"": 9, ""terrestre"": 9}","Ataque Múltiplo | Unarmed Strike | Nightmare Blast","Sensibilidade à Luz Solar"
711,"Star Spawn Mangler","5.0","Médio",NULL,"Marginal","Margem",71,14,8,18,12,11,12,7,"Fala Profunda","visão no escuro 60 pés","{frio}","{psíquico}",NULL,"{""escalada"": 12, ""terrestre"": 12}","Multiattack | Claw | Flurry of Claws {@recharge 4}","Ambusher | Shadow Stealth"
1106,"Red Slaad","5.0","Grande",NULL,"Marginal","Margem",93,14,16,12,16,6,6,7,"Slaad; telepathy 60 ft.","Darkvision 60 ft.","{acid,cold,fire,lightning,thunder}",NULL,NULL,"{""terrestre"": 9}","Ataque Múltiplo | Injecting Claw","Resistência Mágica | Regeneração"
2034,"Gnome Ceremorph","5.0","Pequeno",NULL,"Marginal","Margem",58,16,6,14,12,19,17,17,"Deep Speech, Gnomish, telepathy 120 ft., Undercommon","darkvision 120 ft.",NULL,NULL,NULL,"{""terrestre"": 8}","Tentáculos | Extract Brain | Laser Pistol | Mind Blast (Recarrega em 5+)","Resistência Mágica"
2135,"Ruxithid the Chosen","5.0","Médio","goblinoid","Marginal","Margem",88,15,14,19,12,18,15,12,"Common, Goblin, telepathy 60 ft.","darkvision 60 ft.","{psychic}",NULL,NULL,"{""voo"": 9, ""terrestre"": 9}","Ataque Múltiplo | Psi-Charged Scimitar","Legendary Resistance (2/Day) | Mental Fortitude"
511,"Gauth","6.0","Médio",NULL,"Marginal","Margem",67,15,10,14,16,15,15,13,"Fala Profunda, Língua Inferior","visão no escuro 120 pés",NULL,NULL,NULL,"{""voo"": 6, ""canHover"": true, ""terrestre"": 0}","Bite | Eye Rays","Stunning Gaze | Death Throes"
943,"Githzerai Zerth","6.0","Médio","gith","Marginal","Margem",84,17,13,18,15,16,17,12,"Common, Gith",NULL,NULL,NULL,NULL,"{""terrestre"": 12}","Ataque Múltiplo | Psi Strike",NULL
1008,"Kuo-toa Archpriest","6.0","Médio",NULL,"Marginal","Margem",105,13,16,14,16,13,16,14,"Undercommon","Darkvision 120 ft., Truesight 30 ft.",NULL,NULL,NULL,"{""natacao"": 9, ""terrestre"": 9}","Ataque Múltiplo | Strange Scepter","Anfíbio | Sensibilidade à Luz Solar"
810,"Blue Slaad","7.0","Grande",NULL,"Marginal","Margem",133,15,20,15,18,7,7,9,"Slaad; telepathy 60 ft.","Darkvision 60 ft.","{acid,cold,fire,lightning,thunder}",NULL,NULL,"{""terrestre"": 9}","Ataque Múltiplo | Mutating Claw","Resistência Mágica | Regeneração"
2086,"Aberrant Zealot","8.0","Médio",NULL,"Marginal","Margem",93,16,15,18,12,13,8,19,"Common, Deep Speech","darkvision 60 ft., truesight 10 ft.","{psychic}",NULL,NULL,"{""terrestre"": 9}","Ataque Múltiplo | Psychic Rend | Espada Curta","Aberrant Form | Weirdly Pliable"
960,"Gray Slaad","9.0","Médio",NULL,"Marginal","Margem",150,18,19,17,16,13,8,18,"Common, Slaad; telepathy 60 ft.","Blindsight 60 ft., Darkvision 60 ft.","{acid,cold,fire,lightning,thunder}",NULL,NULL,"{""terrestre"": 12}","Ataque Múltiplo | Chaos Claw","Resistência Mágica | Regeneração"
1903,"Lesser Tyrant Shadow","10.0","Médio",NULL,"Marginal","Margem",114,20,20,18,20,18,16,18,"understands all, telepathy 300 ft.",NULL,"{fire}","{necrotic,poison,psychic}",NULL,"{""terrestre"": 9}","Ataque Múltiplo | Garra | Cloak of Shadows | Empathic Link","Empath | Undying Connection"
1958,"Mr. Dory","10.0","Médio",NULL,"Marginal","Margem",170,18,13,20,19,14,14,16,"Abyssal, Common, Deep Speech, telepathy 60 ft.","darkvision 60 ft.",NULL,"{necrotic}",NULL,"{""terrestre"": 9}","Ataque Múltiplo | Rapieira | Eye of Corruption (Recarrega em 5+)","Resistência Mágica | Water Dependency"
799,"Beholder","13.0","Grande",NULL,"Marginal","Margem",190,18,16,14,18,17,15,17,"Deep Speech, Undercommon","Darkvision 120 ft.",NULL,NULL,NULL,"{""voo"": 12, ""terrestre"": 2}","Ataque Múltiplo | Mordida | Eye Rays","Legendary Resistance (3/Day, or 4/Day in Lair)"
501,"Elder Brain","14.0","Grande",NULL,"Marginal","Margem",210,10,15,10,20,21,19,24,"understands Comum, Fala Profunda, and Língua Inferior but can't speak, telepatia 5 miles","visão cega 120 pés",NULL,NULL,NULL,"{""natacao"": 3, ""terrestre"": 2}","Tentacle | Mind Blast {@recharge 5} | Psychic Link | Sense Thoughts","Creature Sense | Legendary Resistance (3/Day) | Magic Resistance | Telepathic Hub"
1833,"Breath Drinker","14.0","Médio",NULL,"Marginal","Margem",157,18,5,18,16,11,15,20,"Deep Speech, telepathy 120 ft.","blindsight 60 ft.","{acid,cold,fire,lightning,thunder}","{poison,radiant}","{necrotic}","{""voo"": 18}","Ataque Múltiplo | Enervating Claw | Drink Breath | Invisibilidade","Movimento Incorpóreo | Radiant Absorption"
1920,"Tyrant Shadow","17.0","Enorme",NULL,"Marginal","Margem",207,19,22,16,20,20,16,20,"understands all, telepathy 300 ft.",NULL,"{fire}","{necrotic,poison,psychic}",NULL,"{""terrestre"": 9}","Ataque Múltiplo | Garra | Cloak of Shadows | Empathic Link | Shadows of Death (Recarrega)","Empath | Undying Connection"
333,"Quipper","0","Minúsculo",NULL,"Natural","Superfície",1,13,2,16,9,1,7,2,"Nenhum","visão no escuro 60 pés",NULL,NULL,NULL,"{""natacao"": 12}","Bite","Blood Frenzy | Water Breathing"
489,"Cranium Rat","0","Minúsculo",NULL,"Natural","Superfície",2,12,2,14,10,4,11,8,"telepatia 30 ft.","visão no escuro 30 pés",NULL,NULL,NULL,"{""terrestre"": 9}","Bite","Illumination | Telepathic Shroud"
786,"Badger","0.0","Minúsculo",NULL,"Natural","Superfície",5,11,10,11,16,2,12,5,NULL,"Darkvision 30 ft.","{poison}",NULL,NULL,"{""escavacao"": 2, ""terrestre"": 6}","Mordida",NULL
827,"Cat","0.0","Minúsculo",NULL,"Natural","Superfície",2,12,3,15,10,3,12,7,NULL,"Darkvision 60 ft.",NULL,NULL,NULL,"{""escalada"": 12, ""terrestre"": 12}","Scratch","Jumper"
844,"Crab","0.0","Minúsculo",NULL,"Natural","Superfície",3,11,6,11,12,1,8,2,NULL,"Blindsight 30 ft.",NULL,NULL,NULL,"{""natacao"": 6, ""terrestre"": 6}","Garra","Anfíbio"
860,"Deer","0.0","Médio",NULL,"Natural","Superfície",4,13,11,16,11,2,14,5,NULL,"Darkvision 60 ft.",NULL,NULL,NULL,"{""terrestre"": 15}","Ram","Agile"
876,"Eagle","0.0","Pequeno",NULL,"Natural","Superfície",4,12,6,15,12,2,14,7,NULL,NULL,NULL,NULL,NULL,"{""voo"": 18, ""terrestre"": 3}","Talons",NULL
918,"Giant Fire Beetle","0.0","Pequeno",NULL,"Natural","Superfície",4,13,8,10,12,1,7,3,NULL,"Blindsight 30 ft.","{fire}",NULL,NULL,"{""escalada"": 9, ""terrestre"": 9}","Mordida","Illumination"
950,"Goat","0.0","Médio",NULL,"Natural","Superfície",4,10,11,10,11,2,10,5,NULL,"Darkvision 60 ft.",NULL,NULL,NULL,"{""escalada"": 9, ""terrestre"": 12}","Ram",NULL
976,"Hawk","0.0","Minúsculo",NULL,"Natural","Superfície",1,13,5,16,8,2,14,6,NULL,NULL,NULL,NULL,NULL,"{""voo"": 18, ""terrestre"": 3}","Talons",NULL
991,"Hyena","0.0","Médio",NULL,"Natural","Superfície",5,11,11,13,12,2,12,5,NULL,"Darkvision 60 ft.",NULL,NULL,NULL,"{""terrestre"": 15}","Mordida","Táticas de Matilha"
999,"Jackal","0.0","Pequeno",NULL,"Natural","Superfície",3,12,8,15,11,3,12,6,NULL,"Darkvision 90 ft.",NULL,NULL,NULL,"{""terrestre"": 12}","Mordida",NULL
1017,"Lizard","0.0","Minúsculo",NULL,"Natural","Superfície",2,10,2,11,10,1,8,3,NULL,"Darkvision 30 ft.",NULL,NULL,NULL,"{""escalada"": 6, ""terrestre"": 6}","Mordida","Escalar em Paredes"
1063,"Octopus","0.0","Pequeno",NULL,"Natural","Superfície",3,12,4,15,11,3,10,4,NULL,"Darkvision 30 ft.",NULL,NULL,NULL,"{""natacao"": 9, ""terrestre"": 2}","Tentáculos","Compression | Water Breathing"
1069,"Owl","0.0","Minúsculo",NULL,"Natural","Superfície",1,11,3,13,8,2,12,7,NULL,"Darkvision 120 ft.",NULL,NULL,NULL,"{""voo"": 18, ""terrestre"": 2}","Talons","Flyby"
1079,"Piranha","0.0","Minúsculo",NULL,"Natural","Superfície",1,13,2,16,9,1,7,2,NULL,"Darkvision 60 ft.",NULL,NULL,NULL,"{""natacao"": 12, ""terrestre"": 2}","Mordida","Water Breathing"
1103,"Rat","0.0","Minúsculo",NULL,"Natural","Superfície",1,10,2,11,9,2,10,4,NULL,"Darkvision 30 ft.",NULL,NULL,NULL,"{""escalada"": 6, ""terrestre"": 6}","Mordida","Agile"
1104,"Raven","0.0","Minúsculo",NULL,"Natural","Superfície",2,12,2,14,10,5,13,6,NULL,NULL,NULL,NULL,NULL,"{""voo"": 15, ""terrestre"": 3}","Beak","Mimicry"
1125,"Scorpion","0.0","Minúsculo",NULL,"Natural","Superfície",1,11,2,11,8,1,8,2,NULL,"Blindsight 10 ft.",NULL,NULL,NULL,"{""terrestre"": 3}","Sting",NULL
1129,"Seahorse","0.0","Minúsculo",NULL,"Natural","Superfície",1,12,1,12,8,1,10,2,NULL,NULL,NULL,NULL,NULL,"{""natacao"": 6, ""terrestre"": 2}","Bubble Dash","Water Breathing"
1147,"Spider","0.0","Minúsculo",NULL,"Natural","Superfície",1,12,2,14,8,1,10,2,NULL,"Darkvision 30 ft.",NULL,NULL,NULL,"{""escalada"": 6, ""terrestre"": 6}","Mordida","Escalar em Paredes | Andador de Teia"
1197,"Vulture","0.0","Médio",NULL,"Natural","Superfície",5,10,7,10,13,2,12,4,NULL,NULL,NULL,NULL,NULL,"{""voo"": 15, ""terrestre"": 3}","Beak","Táticas de Matilha"
1205,"Weasel","0.0","Minúsculo",NULL,"Natural","Superfície",1,13,3,16,8,2,12,3,NULL,"Darkvision 60 ft.",NULL,NULL,NULL,"{""escalada"": 9, ""terrestre"": 9}","Mordida",NULL
2028,"Fox","0.0","Minúsculo",NULL,"Natural","Superfície",2,13,2,16,11,3,12,6,NULL,"darkvision 60 ft.",NULL,NULL,NULL,"{""escavacao"": 2, ""terrestre"": 9}","Mordida","Audição Aguçada"
2051,"Kingsport","0.0","Médio",NULL,"Natural","Superfície",5,11,6,12,12,10,10,4,"Common","blindsight 30 ft. (blind beyond this radius)",NULL,NULL,NULL,"{""natacao"": 12, ""terrestre"": 6}","Beak","Prender Respiração"
2053,"Knucklehead Trout","0.0","Pequeno",NULL,"Natural","Superfície",7,12,14,14,11,1,6,1,NULL,"darkvision 60 ft.",NULL,NULL,NULL,"{""natacao"": 9}","Mordida | Cauda","Water Breathing"
2397,"Flying Monkey","0.0","Pequeno",NULL,"Natural","Superfície",3,12,8,14,11,5,12,6,NULL,NULL,NULL,NULL,NULL,"{""voo"": 9, ""escalada"": 6, ""terrestre"": 9}","Mordida","Táticas de Matilha | Familiar"
2465,"Awakened Rat","0.0","Minúsculo",NULL,"Natural","Superfície",1,10,2,11,9,10,10,4,"Common","darkvision 30 ft.",NULL,NULL,NULL,"{""terrestre"": 6}","Mordida","Olfato Aguçado"
320,"Poisonous Snake","0.125","Minúsculo",NULL,"Natural","Superfície",2,13,2,16,11,1,10,3,"Nenhum","visão cega 10 pés",NULL,NULL,NULL,"{""natacao"": 9, ""terrestre"": 9}","Bite",NULL
499,"Dolphin","0.125","Médio",NULL,"Natural","Superfície",11,12,14,13,13,6,12,7,"Nenhum","visão cega 60 pés",NULL,NULL,NULL,"{""natacao"": 18, ""terrestre"": 0}","Slam","Charge | Hold Breath"
808,"Blood Hawk","0.125","Pequeno",NULL,"Natural","Superfície",7,12,6,14,10,3,14,5,NULL,NULL,NULL,NULL,NULL,"{""voo"": 18, ""terrestre"": 3}","Beak","Táticas de Matilha"
825,"Camel","0.125","Grande",NULL,"Natural","Superfície",17,10,15,8,17,2,11,5,NULL,"Darkvision 60 ft.",NULL,NULL,NULL,"{""terrestre"": 15}","Mordida",NULL
914,"Giant Crab","0.125","Médio",NULL,"Natural","Superfície",13,15,13,13,11,1,9,3,NULL,"Blindsight 30 ft.",NULL,NULL,NULL,"{""natacao"": 9, ""terrestre"": 9}","Garra","Anfíbio"
935,"Giant Weasel","0.125","Médio",NULL,"Natural","Superfície",9,13,11,17,10,4,12,5,NULL,"Darkvision 60 ft.",NULL,NULL,NULL,"{""escalada"": 9, ""terrestre"": 12}","Mordida",NULL
1030,"Mastiff","0.125","Médio",NULL,"Natural","Superfície",5,12,13,14,12,3,12,7,NULL,"Darkvision 60 ft.",NULL,NULL,NULL,"{""terrestre"": 12}","Mordida",NULL
1047,"Mule","0.125","Médio",NULL,"Natural","Superfície",11,10,14,10,13,2,10,5,NULL,NULL,NULL,NULL,NULL,"{""terrestre"": 12}","Hooves","Beast of Burden"
1090,"Pony","0.125","Médio",NULL,"Natural","Superfície",11,10,15,10,13,2,11,7,NULL,NULL,NULL,NULL,NULL,"{""terrestre"": 12}","Hooves",NULL
2060,"Mountain Goat","0.125","Médio",NULL,"Natural","Superfície",13,11,14,12,14,2,10,5,NULL,NULL,NULL,NULL,NULL,"{""escalada"": 9, ""terrestre"": 12}","Ram","Investida | Pés Firmes"
180,"Giant Poisonous Snake","0.25","Médio",NULL,"Natural","Superfície",11,14,10,18,13,2,10,3,"Nenhum","visão cega 10 pés",NULL,NULL,NULL,"{""natacao"": 9, ""terrestre"": 9}","Bite",NULL
488,"Cow","0.25","Grande",NULL,"Natural","Superfície",15,10,18,10,14,2,10,4,"Nenhum",NULL,NULL,NULL,NULL,"{""terrestre"": 9}","Gore","Charge"
493,"Deep Rothé","0.25","Médio",NULL,"Natural","Superfície",13,10,18,10,14,2,10,4,"Nenhum","visão no escuro 60 pés",NULL,NULL,NULL,"{""terrestre"": 9}","Gore","Charge"
497,"Dimetrodon","0.25","Médio",NULL,"Natural","Superfície",19,12,14,10,15,2,10,5,"Nenhum",NULL,NULL,NULL,NULL,"{""natacao"": 6, ""terrestre"": 9}","Bite",NULL
553,"Ox","0.25","Grande",NULL,"Natural","Superfície",15,10,18,10,14,2,10,4,"Nenhum",NULL,NULL,NULL,NULL,"{""terrestre"": 9}","Gore","Charge | Beast of Burden"
558,"Rothé","0.25","Grande",NULL,"Natural","Superfície",15,10,18,10,14,2,10,4,"Nenhum","visão no escuro 30 pés",NULL,NULL,NULL,"{""terrestre"": 9}","Gore","Charge"
565,"Stench Kow","0.25","Grande",NULL,"Natural","Superfície",15,10,18,10,14,2,10,4,"Nenhum","visão no escuro 60 pés","{frio,fogo,veneno}",NULL,NULL,"{""terrestre"": 9}","Gore","Charge | Stench"
580,"Velociraptor","0.25","Minúsculo",NULL,"Natural","Superfície",10,13,6,14,13,4,12,6,"Nenhum",NULL,NULL,NULL,NULL,"{""terrestre"": 9}","Multiattack | Bite | Claws","Pack Tactics"
811,"Boar","0.25","Médio",NULL,"Natural","Superfície",13,11,13,11,14,2,9,5,NULL,NULL,NULL,NULL,NULL,"{""terrestre"": 12}","Gore","Bloodied Fury"
841,"Constrictor Snake","0.25","Grande",NULL,"Natural","Superfície",13,13,15,14,12,1,10,3,NULL,"Blindsight 10 ft.",NULL,NULL,NULL,"{""natacao"": 9, ""terrestre"": 9}","Mordida | Constricção",NULL
869,"Draft Horse","0.25","Grande",NULL,"Natural","Superfície",15,10,18,10,15,2,11,7,NULL,NULL,NULL,NULL,NULL,"{""terrestre"": 12}","Hooves",NULL
882,"Elk","0.25","Grande",NULL,"Natural","Superfície",11,10,16,10,11,2,10,6,NULL,"Darkvision 60 ft.",NULL,NULL,NULL,"{""terrestre"": 15}","Ram",NULL
909,"Giant Badger","0.25","Médio",NULL,"Natural","Superfície",15,13,13,10,17,2,12,5,NULL,"Darkvision 60 ft.","{poison}",NULL,NULL,"{""escavacao"": 3, ""terrestre"": 9}","Mordida",NULL
910,"Giant Bat","0.25","Grande",NULL,"Natural","Superfície",22,13,15,16,11,2,12,6,NULL,"Blindsight 120 ft.",NULL,NULL,NULL,"{""voo"": 18, ""terrestre"": 3}","Mordida",NULL
922,"Giant Lizard","0.25","Grande",NULL,"Natural","Superfície",19,12,15,12,13,2,10,5,NULL,"Darkvision 60 ft.",NULL,NULL,NULL,"{""escalada"": 12, ""terrestre"": 12}","Mordida","Escalar em Paredes"
932,"Giant Venomous Snake","0.25","Médio",NULL,"Natural","Superfície",11,14,10,18,13,2,10,3,NULL,"Blindsight 10 ft.",NULL,NULL,NULL,"{""natacao"": 12, ""terrestre"": 12}","Mordida",NULL
1096,"Pteranodon","0.25","Médio","dinosaur","Natural","Superfície",13,13,12,15,10,2,9,5,NULL,NULL,NULL,NULL,NULL,"{""voo"": 18, ""terrestre"": 3}","Mordida","Flyby"
1111,"Riding Horse","0.25","Grande",NULL,"Natural","Superfície",13,11,16,13,12,2,11,7,NULL,NULL,NULL,NULL,NULL,"{""terrestre"": 18}","Hooves",NULL
1159,"Swarm of Bats","0.25","Grande",NULL,"Natural","Superfície",11,12,5,15,10,2,12,4,NULL,"Blindsight 60 ft.","{bludgeoning,piercing,slashing}",NULL,NULL,"{""voo"": 9, ""terrestre"": 2}","Bites","Swarm"
1167,"Swarm of Ravens","0.25","Médio",NULL,"Natural","Superfície",11,12,6,14,12,5,12,6,NULL,NULL,"{bludgeoning,piercing,slashing}",NULL,NULL,"{""voo"": 15, ""terrestre"": 3}","Beaks | Cacophony (Recarrega)","Swarm"
1216,"Wolf","0.25","Médio",NULL,"Natural","Superfície",11,12,14,15,12,3,12,6,NULL,"Darkvision 60 ft.",NULL,NULL,NULL,"{""terrestre"": 12}","Mordida","Táticas de Matilha"
2080,"Walrus","0.25","Grande",NULL,"Natural","Superfície",22,9,15,9,14,3,11,4,NULL,NULL,NULL,NULL,NULL,"{""natacao"": 12, ""terrestre"": 6}","Tusks","Prender Respiração"
2508,"Maxeene","0.25","Grande",NULL,"Natural","Superfície",19,10,18,10,12,10,11,7,"Common",NULL,NULL,NULL,NULL,"{""terrestre"": 12}","Hooves",NULL
183,"Giant Sea Horse","0.5","Grande",NULL,"Natural","Superfície",16,13,12,15,11,2,12,5,"Nenhum",NULL,NULL,NULL,NULL,"{""natacao"": 12, ""terrestre"": 0}","Ram","Charge | Water Breathing"
384,"Swarm of Centipedes","0.5","Médio",NULL,"Natural","Superfície",22,12,3,13,10,1,7,1,"Nenhum","visão cega 10 pés","{contusão,perfuração,cortante}",NULL,NULL,"{""escalada"": 6, ""terrestre"": 6}","Bites","Swarm"
391,"Swarm of Wasps","0.5","Médio",NULL,"Natural","Superfície",22,12,3,13,10,1,7,1,"Nenhum","visão cega 10 pés","{contusão,perfuração,cortante}",NULL,NULL,"{""voo"": 9, ""terrestre"": 2}","Bites","Swarm"
569,"Swarm of Rot Grubs","0.5","Médio",NULL,"Natural","Superfície",22,8,2,7,10,1,2,1,"Nenhum","visão cega 10 pés","{perfuração,cortante}",NULL,NULL,"{""escalada"": 2, ""terrestre"": 2}","Bites","Swarm"
773,"Ape","0.5","Médio",NULL,"Natural","Superfície",19,12,16,14,14,6,12,7,NULL,NULL,NULL,NULL,NULL,"{""escalada"": 9, ""terrestre"": 9}","Ataque Múltiplo | Fist | Rock (Recarrega)",NULL
920,"Giant Goat","0.5","Grande",NULL,"Natural","Superfície",19,11,17,13,12,3,12,6,NULL,"Darkvision 60 ft.",NULL,NULL,NULL,"{""escalada"": 9, ""terrestre"": 12}","Ram",NULL
927,"Giant Seahorse","0.5","Grande",NULL,"Natural","Superfície",16,14,15,12,11,2,12,5,NULL,NULL,NULL,NULL,NULL,"{""natacao"": 12, ""terrestre"": 2}","Ram","Water Breathing"
1107,"Reef Shark","0.5","Médio",NULL,"Natural","Superfície",22,12,14,15,13,1,10,4,NULL,"Blindsight 30 ft.",NULL,NULL,NULL,"{""natacao"": 9, ""terrestre"": 2}","Mordida","Táticas de Matilha | Water Breathing"
1162,"Swarm of Insects","0.5","Médio",NULL,"Natural","Superfície",19,11,3,13,14,1,7,1,NULL,"Blindsight 30 ft.","{bludgeoning,piercing,slashing}",NULL,NULL,"{""terrestre"": 6}","Bites","Escalar em Paredes | Swarm"
1181,"Troll Limb","0.5","Pequeno",NULL,"Natural","Superfície",14,13,18,12,10,1,9,1,NULL,"Darkvision 60 ft.",NULL,NULL,NULL,"{""terrestre"": 6}","Rend","Regeneração | Troll Spawn"
1198,"Warhorse","0.5","Grande",NULL,"Natural","Superfície",19,11,18,12,13,2,12,7,NULL,NULL,NULL,NULL,NULL,"{""terrestre"": 18}","Hooves",NULL
1937,"Giant Sea Eel","0.5","Grande",NULL,"Natural","Superfície",19,14,11,14,12,7,10,7,NULL,"darkvision 60 ft.",NULL,NULL,NULL,"{""natacao"": 12}","Mordida","Water Breathing"
2370,"Zaltember","1.0","Grande",NULL,"Natural","Superfície",30,13,17,10,14,10,10,10,"Common, Giant",NULL,NULL,"{fire}",NULL,"{""terrestre"": 9}","Battleaxe | Dardo",NULL
462,"Aurochs","2.0","Grande",NULL,"Natural","Superfície",38,11,20,10,19,2,12,5,"Nenhum",NULL,NULL,NULL,NULL,"{""terrestre"": 15}","Gore","Charge"
554,"Quetzalcoatlus","2.0","Enorme",NULL,"Natural","Superfície",30,13,15,13,13,2,10,5,"Nenhum",NULL,NULL,NULL,NULL,"{""voo"": 24, ""terrestre"": 3}","Bite","Dive Attack | Flyby"
691,"Ogre Howdah","2.0","Grande",NULL,"Natural","Superfície",59,13,19,8,16,5,7,7,"Comum, Gigante","visão no escuro 60 pés",NULL,NULL,NULL,"{""terrestre"": 12}","Mace","Howdah"
755,"Allosaurus","2.0","Grande","dinosaur","Natural","Superfície",51,13,19,13,17,2,12,5,NULL,NULL,NULL,NULL,NULL,"{""terrestre"": 18}","Mordida | Garras",NULL
911,"Giant Boar","2.0","Grande",NULL,"Natural","Superfície",42,13,17,10,16,2,7,5,NULL,NULL,NULL,NULL,NULL,"{""terrestre"": 12}","Gore","Bloodied Fury"
913,"Giant Constrictor Snake","2.0","Enorme",NULL,"Natural","Superfície",60,12,19,14,12,1,10,3,NULL,"Blindsight 10 ft.",NULL,NULL,NULL,"{""natacao"": 9, ""terrestre"": 9}","Ataque Múltiplo | Mordida | Constricção",NULL
1064,"Ogre","2.0","Grande",NULL,"Natural","Superfície",68,11,19,8,16,5,7,7,"Common, Giant","Darkvision 60 ft.",NULL,NULL,NULL,"{""terrestre"": 12}","Greatclub | Dardo",NULL
1087,"Plesiosaurus","2.0","Grande","dinosaur","Natural","Superfície",68,13,18,15,16,2,12,5,NULL,NULL,NULL,NULL,NULL,"{""natacao"": 12, ""terrestre"": 6}","Mordida","Prender Respiração"
1088,"Polar Bear","2.0","Grande",NULL,"Natural","Superfície",42,12,20,14,16,2,13,7,NULL,"Darkvision 60 ft.","{cold}",NULL,NULL,"{""natacao"": 12, ""terrestre"": 12}","Ataque Múltiplo | Rend",NULL
1169,"Swarm of Venomous Snakes","2.0","Médio",NULL,"Natural","Superfície",36,14,8,18,11,1,10,3,NULL,"Blindsight 10 ft.","{bludgeoning,piercing,slashing}",NULL,NULL,"{""natacao"": 9, ""terrestre"": 9}","Bites","Swarm"
690,"Ogre Chain Brute","3.0","Grande",NULL,"Natural","Superfície",59,11,19,8,16,5,7,7,"Comum, Gigante","visão no escuro 60 pés",NULL,NULL,NULL,"{""terrestre"": 12}","Fist | Chain Sweep | Chain Smash {@recharge}",NULL
772,"Ankylosaurus","3.0","Enorme","dinosaur","Natural","Superfície",68,15,19,11,15,2,12,5,NULL,NULL,NULL,NULL,NULL,"{""terrestre"": 9}","Ataque Múltiplo | Cauda",NULL
926,"Giant Scorpion","3.0","Grande",NULL,"Natural","Superfície",52,15,16,13,15,1,9,3,NULL,"Blindsight 60 ft.",NULL,NULL,NULL,"{""terrestre"": 12}","Ataque Múltiplo | Garra | Sting",NULL
1003,"Killer Whale","3.0","Enorme",NULL,"Natural","Superfície",90,12,19,14,13,3,12,7,NULL,"Blindsight 120 ft.",NULL,NULL,NULL,"{""natacao"": 18, ""terrestre"": 2}","Mordida","Prender Respiração"
2012,"Awakened White Moose","3.0","Grande",NULL,"Natural","Superfície",68,11,19,11,16,10,12,6,"Druidic",NULL,NULL,NULL,NULL,"{""terrestre"": 12}","Ataque Múltiplo | Antlers | Hooves","Investida | Pés Firmes"
564,"Stegosaurus","4.0","Enorme",NULL,"Natural","Superfície",76,13,20,9,17,2,11,5,"Nenhum",NULL,NULL,NULL,NULL,"{""terrestre"": 12}","Tail",NULL
776,"Archelon","4.0","Enorme","dinosaur","Natural","Superfície",90,17,18,16,13,4,14,6,NULL,NULL,NULL,NULL,NULL,"{""natacao"": 24, ""terrestre"": 6}","Ataque Múltiplo | Mordida","Anfíbio"
881,"Elephant","4.0","Enorme",NULL,"Natural","Superfície",76,12,22,9,17,3,11,6,NULL,NULL,NULL,NULL,NULL,"{""terrestre"": 12}","Ataque Múltiplo | Gore",NULL
885,"Ettin","4.0","Grande",NULL,"Natural","Superfície",85,12,21,8,17,6,10,8,"Giant","Darkvision 60 ft.",NULL,NULL,NULL,"{""terrestre"": 12}","Ataque Múltiplo | Battleaxe | Estrela da Manhã",NULL
982,"Hippopotamus","4.0","Grande",NULL,"Natural","Superfície",82,14,21,7,15,2,12,4,NULL,NULL,NULL,NULL,NULL,"{""natacao"": 9, ""terrestre"": 9}","Ataque Múltiplo | Mordida","Prender Respiração"
1936,"Giant Coral Snake","4.0","Grande",NULL,"Natural","Superfície",90,13,12,16,14,2,10,3,NULL,"blindsight 10 ft.",NULL,NULL,NULL,"{""natacao"": 9, ""terrestre"": 9}","Mordida",NULL
2032,"Giant Walrus","4.0","Enorme",NULL,"Natural","Superfície",85,9,22,9,16,3,11,4,NULL,"darkvision 60 ft.",NULL,NULL,NULL,"{""natacao"": 12, ""terrestre"": 6}","Ataque Múltiplo | Body Flop | Tusks","Prender Respiração"
2079,"Verbeeg Marauder","4.0","Grande",NULL,"Natural","Superfície",85,14,19,11,16,11,10,9,"Common, Giant",NULL,NULL,NULL,NULL,"{""terrestre"": 12}","Ataque Múltiplo | Lança","Simple Weapon Wielder"
568,"Swarm of Cranium Rats","5.0","Médio",NULL,"Natural","Superfície",36,12,9,14,10,15,11,14,"telepatia 30 ft.","visão no escuro 30 pés","{contusão,perfuração,cortante}",NULL,NULL,"{""terrestre"": 9}","Bites","Illumination | Swarm | Telepathic Shroud"
915,"Giant Crocodile","5.0","Enorme",NULL,"Natural","Superfície",85,14,21,9,17,2,10,7,NULL,NULL,NULL,NULL,NULL,"{""natacao"": 15, ""terrestre"": 9}","Ataque Múltiplo | Mordida | Cauda","Prender Respiração"
928,"Giant Shark","5.0","Enorme",NULL,"Natural","Superfície",92,13,23,11,21,1,10,5,NULL,"Blindsight 60 ft.",NULL,NULL,NULL,"{""natacao"": 18, ""terrestre"": 2}","Ataque Múltiplo | Mordida","Water Breathing"
980,"Hill Giant","5.0","Enorme",NULL,"Natural","Superfície",105,13,21,8,19,5,9,6,"Giant",NULL,NULL,NULL,NULL,"{""terrestre"": 12}","Ataque Múltiplo | Tree Club | Trash Lob",NULL
1178,"Triceratops","5.0","Enorme","dinosaur","Natural","Superfície",114,14,22,9,17,2,11,5,NULL,NULL,NULL,NULL,NULL,"{""terrestre"": 15}","Ataque Múltiplo | Gore",NULL
1180,"Troll","5.0","Grande",NULL,"Natural","Superfície",94,15,18,13,20,7,9,7,"Giant","Darkvision 60 ft.",NULL,NULL,NULL,"{""terrestre"": 9}","Ataque Múltiplo | Rend","Loathsome Limbs (4/Day) | Regeneração"
2078,"Verbeeg Longstrider","5.0","Grande",NULL,"Natural","Superfície",119,14,19,15,16,13,14,10,"Common, Giant",NULL,NULL,NULL,NULL,"{""terrestre"": 15}","Ataque Múltiplo | Lança | Sling","Simple Weapon Wielder"
2277,"Chief Guh","5.0","Enorme",NULL,"Natural","Superfície",160,9,21,1,19,5,9,6,"Common, Giant, Goblin",NULL,NULL,NULL,NULL,"{""terrestre"": 0}","Ataque Múltiplo | Greatclub | Unarmed Attack | Rock",NULL
2304,"Hulking Crab","5.0","Enorme",NULL,"Natural","Superfície",76,17,19,8,16,3,11,3,NULL,"blindsight 30 ft.",NULL,NULL,NULL,"{""natacao"": 9, ""terrestre"": 6}","Ataque Múltiplo | Garra","Anfíbio | Shell Camouflage"
2519,"Obliteros","5.0","Enorme",NULL,"Natural","Superfície",126,13,23,11,21,10,10,5,"Aquan","blindsight 60 ft.",NULL,NULL,NULL,"{""natacao"": 15}","Mordida","Blood Frenzy | Water Breathing"
541,"Mouth of Grolantor","6.0","Enorme","hill giant","Natural","Superfície",105,14,21,10,18,5,7,5,"Gigante",NULL,NULL,NULL,NULL,"{""terrestre"": 15}","Bite | Fist","Mouth of Madness"
851,"Cyclops Sentry","6.0","Enorme",NULL,"Natural","Superfície",138,14,22,11,20,8,6,10,"Giant",NULL,NULL,NULL,NULL,"{""terrestre"": 12}","Ataque Múltiplo | Stone Club | Rock",NULL
930,"Giant Squid","6.0","Enorme",NULL,"Natural","Superfície",120,12,23,14,12,5,11,4,NULL,"Darkvision 120 ft.",NULL,NULL,NULL,"{""natacao"": 24, ""terrestre"": 2}","Ataque Múltiplo | Mordida | Tentáculo","Water Breathing"
1024,"Mammoth","6.0","Enorme",NULL,"Natural","Superfície",126,13,24,9,21,3,11,6,NULL,NULL,NULL,NULL,NULL,"{""terrestre"": 15}","Ataque Múltiplo | Gore",NULL
2005,"Trepsin","6.0","Grande",NULL,"Natural","Superfície",84,15,18,13,20,7,9,7,"Giant","darkvision 60 ft.",NULL,NULL,NULL,"{""terrestre"": 9}","Ataque Múltiplo | Mordida | Garra","Olfato Aguçado | Regeneração"
907,"Giant Ape","7.0","Enorme",NULL,"Natural","Superfície",168,12,23,14,18,5,12,7,NULL,NULL,NULL,NULL,NULL,"{""escalada"": 12, ""terrestre"": 12}","Ataque Múltiplo | Fist | Boulder Toss (Recarrega)",NULL
1155,"Stone Giant","7.0","Enorme",NULL,"Natural","Superfície",126,17,23,15,20,10,12,9,"Giant","Darkvision 60 ft.",NULL,NULL,NULL,"{""terrestre"": 12}","Ataque Múltiplo | Stone Club | Boulder",NULL
2351,"Thane Kayalithica","7.0","Enorme",NULL,"Natural","Superfície",170,17,23,15,20,10,12,14,"Giant","darkvision 60 ft.",NULL,NULL,NULL,"{""terrestre"": 12}","Arremesso | Rolling Rock | Ataque Múltiplo | Greatclub | Rock","Stone Camouflage | Olach Morrah"
2073,"Sperm Whale","8.0","Gigantesco",NULL,"Natural","Superfície",189,13,26,8,17,3,12,5,NULL,"blindsight 120 ft.",NULL,NULL,NULL,"{""natacao"": 18}","Ataque Múltiplo | Mordida | Cauda","Echolocation | Prender Respiração | Audição Aguçada"
2311,"Jarl Storvald","8.0","Enorme",NULL,"Natural","Superfície",189,15,23,9,21,9,16,16,"Common, Giant, Giant Owl",NULL,NULL,"{cold}",NULL,"{""terrestre"": 12}","Weighted Net | Ataque Múltiplo | Machadão | Rock",NULL
698,"Rot Troll","9.0","Grande",NULL,"Natural","Superfície",138,16,18,13,22,5,8,4,"Gigante","visão no escuro 60 pés",NULL,"{necrótico}",NULL,"{""terrestre"": 9}","Multiattack | Bite | Claws","Rancid Degeneration"
836,"Cloud Giant","9.0","Enorme",NULL,"Natural","Superfície",200,14,27,10,22,12,16,16,"Common, Giant",NULL,NULL,NULL,NULL,"{""voo"": 6, ""terrestre"": 12}","Ataque Múltiplo | Thunderous Mace | Thundercloud",NULL
890,"Fire Giant","9.0","Enorme",NULL,"Natural","Superfície",162,18,25,9,23,10,14,13,"Giant",NULL,NULL,"{fire}",NULL,"{""terrestre"": 9}","Ataque Múltiplo | Flame Sword | Hammer Throw",NULL
2301,"Harshnag","9.0","Enorme",NULL,"Natural","Superfície",204,21,23,9,21,9,10,12,"Common, Giant",NULL,NULL,"{cold}",NULL,"{""terrestre"": 12}","Weighted Net | Ataque Múltiplo | Gurt's Greataxe | Rock","Legendary Resistance (1/Day)"
566,"Stone Giant Dreamwalker","10.0","Enorme","stone giant","Natural","Superfície",161,18,23,14,21,10,8,12,"Comum, Gigante","visão no escuro 60 pés",NULL,NULL,NULL,"{""terrestre"": 12}","Multiattack | Greatclub | Petrifying Touch | Rock","Dreamwalker's Charm"
850,"Cyclops Oracle","10.0","Enorme",NULL,"Natural","Superfície",207,16,22,11,20,16,18,10,"Giant","Truesight 30 ft.",NULL,NULL,NULL,"{""terrestre"": 12}","Ataque Múltiplo | Radiant Strike | Flash of Light",NULL
706,"Spirit Troll","11.0","Grande",NULL,"Natural","Superfície",97,17,1,17,13,8,9,16,"Gigante","visão no escuro 60 pés","{ácido,frio,fogo,raio,trovão}","{""contusão (não-mágico)"",""perfuração (não-mágico)"",""cortante (não-mágico)""}",NULL,"{""terrestre"": 9}","Multiattack | Bite | Claws","Incorporeal Movement | Regeneration"
629,"Dire Troll","13.0","Enorme",NULL,"Natural","Superfície",172,15,22,15,21,9,11,5,"Gigante","visão no escuro 60 pés","{""contusão (não-mágico)"",""perfuração (não-mágico)"",""cortante (não-mágico)""}",NULL,NULL,"{""terrestre"": 12}","Multiattack | Bite | Claws | Whirlwind of Claws {@recharge 5}","Keen Senses | Regeneration"
2316,"King Hekaton","13.0","Enorme",NULL,"Natural","Superfície",330,16,29,14,20,16,18,18,"Common, Giant",NULL,"{cold}","{lightning,thunder}",NULL,"{""natacao"": 15, ""terrestre"": 15}","Ataque Múltiplo | Broken Chain | Ballista | Lightning Strike (Recarrega em 5+) | Thunderous Stomp (Recarrega)","Anfíbio"
2371,"Zephyros","13.0","Enorme",NULL,"Natural","Superfície",200,14,27,10,22,18,16,16,"Common, Giant",NULL,NULL,NULL,NULL,"{""terrestre"": 12}","Arremesso | Wind Aura | Ataque Múltiplo | Staff of the Magi | Rock","Olfato Aguçado"
1019,"Lizardfolk Sovereign","4.0","Médio",NULL,"Ressonante","Superfície",78,15,17,12,15,11,11,15,"Draconic, Primordial (Terran)","Darkvision 60 ft.",NULL,NULL,NULL,"{""natacao"": 9, ""escavacao"": 6, ""terrestre"": 9}","Ataque Múltiplo | Mordida | Earthen Maul",NULL
783,"Azer Pyromancer","6.0","Médio",NULL,"Ressonante","Superfície",97,18,15,14,16,12,18,13,"Primordial (Ignan)",NULL,NULL,"{fire,poison}",NULL,"{""terrestre"": 9}","Ataque Múltiplo | Flame Burst","Fire Aura | Illumination"
730,"Water Elemental Myrmidon","7.0","Médio",NULL,"Ressonante","Superfície",127,18,18,14,15,8,10,10,"Aquano, one language of its creator's choice","visão no escuro 60 pés","{ácido,""contusão (não-mágico)"",""perfuração (não-mágico)"",""cortante (não-mágico)""}","{veneno}",NULL,"{""natacao"": 12, ""terrestre"": 12}","Multiattack | Trident | Freezing Strikes {@recharge}","Magic Weapons"
2178,"Olhydra","18.0","Enorme",NULL,"Ressonante","Superfície",324,18,21,22,24,17,18,23,"Aquan","blindsight 120 ft.","{lightning}","{acid,cold,poison}",NULL,"{""natacao"": 30, ""terrestre"": 15}","Ataque Múltiplo | Golpe | Water Jet | Summon Elementals (1/Day)","Empowered Attacks | Legendary Resistance (3/Day) | Resistência Mágica | Water Form"
649,"Elder Tempest","23.0","Gigantesco",NULL,"Ressonante","Superfície",264,19,23,28,23,2,21,18,"Nenhum","visão no escuro 60 pés","{""contusão (não-mágico)"",""perfuração (não-mágico)"",""cortante (não-mágico)""}","{raio,veneno,trovão}",NULL,"{""voo"": 36, ""canHover"": true, ""terrestre"": 0}","Multiattack | Thunderous Slam | Lightning Storm {@recharge}","Air Form | Flyby | Legendary Resistance (3/Day) | Living Storm | Siege Monster"
